Timestamp (UTC_TIME),XCSH.022.068 _JAW1_REF,XCSH.022.068 _JAW2_REF,XCHV.022.130_JAW1,XCHV.022.130_JAW2,XCHV.022.131 _JAW1_REF,XCHV.022.131 _JAW2_REF,XCSV.022.179 _JAW1_REF,XCSV.022.179 _JAW2_REF,XCHV.022.196 _JAW1_REF,XCHV.022.196 _JAW2_REF,XCHV.022.197 _JAW1_REF,XCHV.022.197 _JAW2_REF,XCSV.022.213 _JAW1_REF,XCSV.022.213 _JAW2_REF,XCSV.022.386 _JAW1_REF,XCSV.022.386 _JAW2_REF,XCHV.022.452 _JAW1_REF,XCHV.022.452 _JAW2_REF,XCHV.022.453 _JAW1_REF,XCHV.022.453 _JAW2_REF,XCSH.022.694 _JAW1_REF,XCSH.022.694 _JAW2_REF
2026-06-03 22:06:02.02,-35,35,-25,25,-35,35,-35,35,-35,35,-25,25,-35,35,-8,8,-25,25,-25,25,-20,20
2026-06-04 16:42:59.59,-35,35,-15,15,-3,3,-15,15,-35,35,-25,25,-13,13,-3,3,-25,25,-10,10,-20,20
2026-06-04 17:03:47.47,-20,20,-15,15,-5,5,-15,15,-20,20,-12,12,-13,13,-4,4,-12,12,-10,10,-20,20
2026-06-04 17:04:01.01,-20,20,-15,15,-5,5,-15,15,-20,20,-12,12,-13,13,-4,4,-12,12,-10,10,-20,20
2026-06-04 17:05:27.27,-20,20,-15,15,-5,5,-15,15,-20,20,-12,12,-13,13,-4,4,-12,12,-10,10,-20,20
2026-06-04 17:07:05.05,-20,20,-15,15,-5,5,-15,15,-20,20,-12,12,-13,13,-4,4,-12,12,-10,10,-20,20
2026-06-04 17:07:33.33,-20,20,-15,15,-5,5,-15,15,-20,20,-12,12,-13,13,-4,4,-12,12,-10,10,-20,20
2026-06-04 17:08:09.09,-20,20,-15,15,-6,6,-15,15,-20,20,-12,12,-13,13,-4,4,-12,12,-10,10,-20,20
2026-06-04 17:08:31.31,-20,20,-15,15,-6,6,-15,15,-20,20,-12,12,-13,13,-4,4,-12,12,-10,10,-20,20
2026-06-04 17:09:01.01,-20,20,-15,15,-6,6,-15,15,-20,20,-12,12,-13,13,-4,4,-12,12,-10,10,-20,20
2026-06-04 17:09:23.23,-20,20,-15,15,-6,6,-15,15,-20,20,-12,12,-13,13,-4,4,-12,12,-10,10,-20,20
2026-06-04 17:15:41.41,-20,20,-15,15,-20,20,-20,20,-20,20,-12,12,-15,15,-15,15,-12,12,-10,10,-20,20
2026-06-04 17:18:46.46,-25,25,-15,15,-20,20,-20,20,-20,20,-15,15,-15,15,-15,15,-20,20,-10,10,-20,20
2026-06-04 17:24:50.50,-25,25,-15,15,-20,20,-20,20,-20,20,-15,15,-15,15,-15,15,-20,20,-10,10,-20,20
2026-06-04 17:51:10.10,-25,25,-20,20,-10,10,-15,15,-20,20,-15,15,-15,15,-6,6,-20,20,-10,10,-20,20
2026-06-04 17:53:08.08,-25,25,-20,20,-10,10,-15,15,-10,10,-12,12,-15,15,-6,6,-10,10,-10,10,-20,20
2026-06-04 17:57:18.18,-25,25,-10,10,-3,3,-15,15,-10,10,-12,12,-10,10,-3,3,-10,10,-8,8,-20,20
2026-06-04 18:10:40.40,-20,20,-15,15,-5,5,-15,15,-20,20,-10,10,-10,10,-5,5,-10,10,-10,10,-20,20
2026-06-04 18:57:46.46,-20,20,-15,15,-5,5,-15,15,-20,20,-10,10,-10,10,-5,5,-10,10,-10,10,-20,20
2026-06-05 00:24:45.45,-20,20,-15,15,-3,3,-15,15,-20,20,-10,10,-10,10,-3,3,-10,10,-10,10,-20,20
2026-06-05 01:33:34.34,-20,20,-15,15,-3,3,-15,15,-20,20,-10,10,-15,15,-3,3,-10,10,-15,15,-20,20
2026-06-05 02:05:11.11,-20,20,-20,20,-6,6,-15,15,-20,20,-15,15,-15,15,-10,10,-15,15,-10,10,-20,20
2026-06-05 04:20:44.44,-25,25,-20,20,-10,10,-15,15,-10,10,-12,12,-15,15,-6,6,-10,10,-10,10,-20,20
2026-06-05 05:03:40.40,-25,25,-15,15,-20,20,-20,20,-10,10,-12,12,-15,15,-15,15,-10,10,-10,10,-20,20
2026-06-05 06:05:15.15,-25,25,-15,15,-3,3,-15,15,-20,20,-15,15,-15,15,-3,3,-20,20,-15,15,-20,20
2026-06-05 06:43:04.04,-20,20,-15,15,-3,3,-15,15,-20,20,-15,15,-10,10,-3,3,-15,15,-10,10,-20,20
2026-06-05 10:18:44.44,-20,20,-15,15,-3,3,-15,15,-20,20,-10,10,-10,10,-3,3,-10,10,-10,10,-20,20
2026-06-05 23:14:44.44,-20,20,-15,15,-20,20,-20,20,-20,20,-10,10,-15,15,-15,15,-10,10,-10,10,-20,20
2026-06-06 00:25:47.47,-25,25,-15,15,-3,3,-15,15,-20,20,-15,15,-10,10,-3,3,-20,20,-10,10,-20,20
2026-06-06 02:39:40.40,-20,20,-15,15,-3,3,-15,15,-20,20,-10,10,-15,15,-3,3,-10,10,-15,15,-20,20
2026-06-06 03:28:37.37,-20,20,-20,20,-10,10,-15,15,-20,20,-15,15,-15,15,-6,6,-15,15,-10,10,-20,20
2026-06-06 06:12:21.21,-25,25,-15,15,-3,3,-15,15,-10,10,-12,12,-15,15,-3,3,-10,10,-15,15,-20,20
2026-06-06 07:41:41.41,-20,20,-15,15,-3,3,-15,15,-20,20,-15,15,-10,10,-3,3,-15,15,-10,10,-20,20
2026-06-06 09:57:24.24,-20,20,-15,15,-3,3,-15,15,-20,20,-10,10,-10,10,-3,3,-10,10,-10,10,-20,20
2026-06-06 11:32:29.29,-20,20,-15,15,-20,20,-20,20,-20,20,-10,10,-15,15,-15,15,-10,10,-10,10,-20,20
2026-06-06 13:26:32.32,-25,25,-15,15,-3,3,-15,15,-20,20,-15,15,-10,10,-3,3,-20,20,-10,10,-20,20
2026-06-06 19:47:44.44,-20,20,-15,15,-3,3,-5,5,-20,20,-8,8,-8,8,-2,2,-5,5,-5,5,-20,20
2026-06-06 19:54:59.59,-20,20,-15,15,-3,3,-5,5,-20,20,-8,8,-8,8,-2,2,-5,5,-5,5,-20,20
2026-06-06 20:14:34.34,-20,20,-15,15,-3,3,-5,5,-20,20,-8,8,-8,8,-2,2,-5,5,-5,5,-20,20
2026-06-06 20:56:50.50,-20,20,-15,15,-3,3,-15,15,-20,20,-8,8,-10,10,-3,3,-5,5,-10,10,-20,20
2026-06-06 23:34:10.10,-20,20,-15,15,-3,3,-5,5,-10,10,-10,10,-10,10,-2,2,-5,5,-5,5,-20,20
2026-06-06 23:35:18.18,-20,20,-15,15,-3,3,-5,5,-10,10,-10,10,-10,10,-2,2,-5,5,-5,5,-20,20
2026-06-06 23:35:28.28,-20,20,-15,15,-3,3,-5,5,-10,10,-10,10,-10,10,-2,2,-5,5,-5,5,-20,20
2026-06-06 23:36:37.37,-20,20,-15,15,-3,3,-15,15,-10,10,-8,8,-10,10,-3,3,-5,5,-10,10,-20,20
2026-06-06 23:38:52.52,-20,20,-15,15,-3,3,-5,5,-20,20,-10,10,-10,10,-2,2,-10,10,-5,5,-20,20
2026-06-06 23:56:57.57,-20,20,-15,15,-3,3,-15,15,-10,10,-10,10,-10,10,-3,3,-5,5,-10,10,-20,20
2026-06-07 00:40:02.02,-20,20,-15,15,-3,3,-5,5,-20,20,-10,10,-10,10,-2,2,-10,10,-5,5,-20,20
2026-06-07 01:27:19.19,-20,20,-15,15,-3,3,-5,5,-10,10,-10,10,-8,8,-2,2,-5,5,-5,5,-20,20
2026-06-07 03:32:24.24,-20,20,-15,15,-3,3,-5,5,-10,10,-8,8,-10,10,-2,2,-5,5,-5,5,-20,20
2026-06-07 08:48:32.32,-20,20,-15,15,-3,3,-5,5,-10,10,-10,10,-8,8,-2,2,-5,5,-5,5,-20,20
2026-06-07 08:54:09.09,-20,20,-15,15,-3,3,-5,5,-20,20,-8,8,-10,10,-2,2,-5,5,-5,5,-20,20
2026-06-07 08:59:08.08,-20,20,-15,15,-3,3,-5,5,-10,10,-10,10,-8,8,-2,2,-5,5,-5,5,-20,20
2026-06-07 10:18:58.58,-20,20,-15,15,-3,3,-5,5,-20,20,-8,8,-10,10,-2,2,-5,5,-5,5,-20,20
2026-06-07 11:36:23.23,-20,20,-15,15,-3,3,-5,5,-10,10,-10,10,-8,8,-2,2,-5,5,-5,5,-20,20
2026-06-07 13:35:21.21,-20,20,-15,15,-3,3,-5,5,-10,10,-8,8,-10,10,-2,2,-5,5,-5,5,-20,20
2026-06-07 14:53:01.01,-20,20,-15,15,-3,3,-5,5,-10,10,-10,10,-8,8,-2,2,-5,5,-5,5,-20,20
2026-06-07 18:18:05.05,-20,20,-15,15,-3,3,-5,5,-20,20,-8,8,-8,8,-2,2,-5,5,-5,5,-20,20
2026-06-07 18:36:19.19,-20,20,-15,15,-5,5,-5,5,-20,20,-8,8,-8,8,-2,2,-5,5,-5,5,-20,20
2026-06-07 18:44:53.53,-20,20,-15,15,-3,3,-5,5,-20,20,-8,8,-8,8,-2,2,-5,5,-5,5,-20,20
2026-06-07 18:46:54.54,-20,20,-15,15,-5,5,-5,5,-10,10,-8,8,-8,8,-2,2,-5,5,-5,5,-20,20
2026-06-07 18:52:12.12,-20,20,-15,15,-5,5,-5,5,-20,20,-8,8,-8,8,-2,2,-5,5,-5,5,-20,20
2026-06-07 18:58:11.11,-20,20,-15,15,-5,5,-5,5,-20,20,-8,8,-8,8,-2,2,-5,5,-5,5,-20,20
2026-06-07 19:12:44.44,-20,20,-15,15,-3,3,-5,5,-20,20,-8,8,-8,8,-2,2,-5,5,-5,5,-20,20
2026-06-07 22:18:31.31,-20,20,-15,15,-5,5,-5,5,-10,10,-8,8,-8,8,-2,2,-5,5,-5,5,-20,20
2026-06-07 23:03:53.53,-20,20,-15,15,-5,5,-5,5,-20,20,-8,8,-8,8,-2,2,-5,5,-5,5,-20,20
2026-06-08 00:05:28.28,-20,20,-15,15,-5,5,-5,5,-10,10,-8,8,-8,8,-2,2,-5,5,-5,5,-20,20
2026-06-08 00:33:49.49,-20,20,-15,15,-5,5,-5,5,-20,20,-8,8,-8,8,-2,2,-5,5,-5,5,-20,20
2026-06-08 01:06:29.29,-20,20,-15,15,-3,3,-15,15,-20,20,-8,8,-10,10,-3,3,-5,5,-10,10,-20,20
2026-06-08 02:08:36.36,-20,20,-15,15,-3,3,-15,15,-20,20,-10,10,-10,10,-3,3,-10,10,-10,10,-20,20
2026-06-08 03:00:50.50,-20,20,-15,15,-5,5,-5,5,-10,10,-10,10,-8,8,-2,2,-5,5,-5,5,-20,20
2026-06-08 05:09:26.26,-20,20,-15,15,-3,3,-5,5,-20,20,-8,8,-8,8,-2,2,-5,5,-5,5,-20,20
2026-06-08 05:55:04.04,-20,20,-15,15,-5,5,-5,5,-10,10,-8,8,-8,8,-2,2,-5,5,-5,5,-20,20
2026-06-08 09:27:38.38,-20,20,-15,15,-5,5,-5,5,-20,20,-8,8,-8,8,-2,2,-5,5,-5,5,-20,20
2026-06-08 09:55:55.55,-20,20,-15,15,-3,3,-5,5,-20,20,-8,8,-8,8,-2,2,-5,5,-5,5,-20,20
2026-06-08 10:03:42.42,-20,20,-15,15,-5,5,-5,5,-20,20,-8,8,-8,8,-2,2,-5,5,-5,5,-20,20
2026-06-08 10:08:46.46,-20,20,-15,15,-3,3,-5,5,-20,20,-8,8,-8,8,-2,2,-5,5,-5,5,-20,20
2026-06-08 17:02:30.30,-20,20,-15,15,-20,20,-20,20,-10,10,-8,8,-15,15,-15,15,-5,5,-10,10,-20,20
2026-06-08 17:07:34.34,-25,25,-15,15,-5,5,-5,5,-20,20,-15,15,-8,8,-2,2,-20,20,-5,5,-20,20
2026-06-08 17:14:46.46,-20,20,-15,15,-20,20,-20,20,-20,20,-8,8,-15,15,-15,15,-5,5,-10,10,-20,20
2026-06-08 17:17:36.36,-25,25,-15,15,-3,3,-5,5,-20,20,-15,15,-8,8,-2,2,-20,20,-5,5,-20,20
2026-06-08 17:19:02.02,-20,20,-15,15,-3,3,-5,5,-10,10,-8,8,-8,8,-2,2,-5,5,-5,5,-20,20
2026-06-08 17:47:25.25,-20,20,-15,15,-5,5,-5,5,-15,15,-8,8,-8,8,-3,3,-15,15,-5,5,-20,20
2026-06-08 18:14:59.59,-20,20,-15,15,-3,3,-15,15,-10,10,4,8,-10,10,-3,3,-5,5,-10,10,-20,20
2026-06-08 18:19:37.37,-20,20,-15,15,-3,3,-5,5,-10,10,-10,10,-10,10,-2,2,-5,5,-5,5,-20,20
2026-06-08 18:25:08.08,-20,20,-15,15,-3,3,-5,5,-10,10,-10,10,-8,8,-3,3,-5,5,-8,8,-20,20
2026-06-08 18:30:37.37,-20,20,-15,15,-3,3,-5,5,-15,15,-8,8,-8,8,-2,2,-15,15,-5,5,-20,20
2026-06-09 01:29:28.28,-20,20,-15,15,-5,5,-5,5,-10,10,-8,8,-8,8,-2,2,-5,5,-5,5,-20,20
2026-06-09 02:14:09.09,-20,20,-15,15,-5,5,-5,5,-20,20,-8,8,-8,8,-2,2,-5,5,-5,5,-20,20
2026-06-09 02:37:12.12,-20,20,-15,15,-3,3,-10,10,-10,10,-8,8,-10,10,-2,2,-5,5,-5,5,-20,20
2026-06-09 03:47:24.24,-20,20,-15,15,-5,5,-5,5,-10,10,-10,10,-8,8,-2,2,-5,5,-5,5,-20,20
2026-06-09 04:18:27.27,-20,20,-15,15,-5,5,-5,5,-10,10,-8,8,4,8,-3,3,-5,5,-3,3,-20,20
2026-06-09 05:27:08.08,-20,20,-15,15,-5,5,-5,5,-10,10,4,8,-8,8,-2,2,-5,5,-5,5,-20,20
2026-06-09 07:52:56.56,-20,20,-15,15,-3,3,-5,5,-20,20,-8,8,-8,8,-2,2,-5,5,-5,5,-20,20
2026-06-09 12:39:23.23,-20,20,-15,15,-3,3,-5,5,-10,10,-8,8,-8,8,-3,3,-5,5,-8,8,-20,20
2026-06-09 16:16:44.44,-20,20,-10,10,-10,10,-15,15,-15,15,-8,8,-10,10,-10,10,-15,15,-8,8,-20,20
2026-06-09 16:26:24.24,-20,20,-15,15,-5,5,-5,5,-20,20,-10,10,-8,8,-2,2,-8,8,-5,5,-20,20
2026-06-09 16:45:32.32,-20,20,-15,15,-5,5,-5,5,-20,20,-8,8,-8,8,-2,2,-5,5,-5,5,-20,20
2026-06-09 17:04:08.08,-20,20,-15,15,-3,3,-5,5,-20,20,-8,8,-8,8,-3,3,-5,5,-8,8,-20,20
2026-06-09 19:59:33.33,-20,20,-15,15,-3,3,-5,5,-15,15,-8,8,-10,10,-2,2,-15,15,-5,5,-20,20
2026-06-10 02:57:15.15,-20,20,-15,15,-3,3,-5,5,-10,10,-10,10,-8,8,-3,3,-5,5,-8,8,-20,20
2026-06-10 05:14:22.22,-20,20,-15,15,-3,3,-10,10,-15,15,-8,8,-10,10,-2,2,-15,15,-5,5,-20,20
2026-06-10 05:51:04.04,-20,20,-15,15,-3,3,-5,5,-10,10,-10,10,-8,8,-2,2,-5,5,-5,5,-20,20
2026-06-10 14:56:48.48,-20,20,-15,15,-5,5,-5,5,-10,10,-8,8,-8,8,-2,2,-5,5,-5,5,-20,20
2026-06-10 15:39:51.51,-20,20,-15,15,-3,3,-5,5,-20,20,-8,8,-8,8,-2,2,-5,5,-5,5,-20,20
2026-06-10 20:35:00.00,-20,20,-15,15,-3,3,-5,5,-10,10,-8,8,-8,8,-2,2,-5,5,-5,5,-20,20
2026-06-11 02:17:30.30,-20,20,-15,15,-3,3,-5,5,-10,10,-8,8,-10,10,-2,2,-5,5,-5,5,-20,20
2026-06-11 02:59:01.01,-20,20,-15,15,-3,3,-5,5,-10,10,-10,10,-8,8,-2,2,-5,5,-5,5,-20,20
2026-06-11 14:29:54.54,-20,20,-15,15,-5,5,-5,5,-40,40,-35,35,4,8,-3,3,-30,30,-3,3,-20,20
2026-06-11 14:55:02.02,-20,20,-15,15,-5,5,-5,5,-10,10,4,8,4,8,-3,3,-5,5,-3,3,-20,20
2026-06-11 15:01:01.01,-20,20,-15,15,-5,5,-8,8,-10,10,-15,15,-12,12,-5,5,-8,8,-8,8,-20,20
2026-06-11 15:01:26.26,-20,20,-15,15,-5,5,-8,8,-10,10,-15,15,-12,12,-5,5,-8,8,-8,8,-20,20
2026-06-11 15:21:32.32,-20,20,-15,15,-5,5,-15,15,-10,10,-15,15,-12,12,-8,8,-10,10,-10,10,-20,20
2026-06-11 15:21:52.52,-20,20,-15,15,-5,5,-15,15,-10,10,-15,15,-12,12,-8,8,-10,10,-10,10,-20,20
2026-06-11 15:25:51.51,-20,20,-15,15,-8,8,-15,15,-10,10,-15,15,-12,12,-8,8,-15,15,-15,15,-20,20
2026-06-11 15:26:30.30,-20,20,-15,15,-8,8,-15,15,-10,10,-15,15,-12,12,-8,8,-15,15,-15,15,-20,20
2026-06-11 15:28:50.50,-25,25,-20,20,-10,10,-15,15,-10,10,-15,15,-12,12,-8,8,-15,15,-15,15,-20,20
2026-06-11 15:29:33.33,-25,25,-20,20,-10,10,-15,15,-10,10,-15,15,-12,12,-8,8,-15,15,-15,15,-20,20
2026-06-11 15:35:27.27,-25,25,-20,20,-10,10,-15,15,-10,10,-15,15,-12,12,-8,8,-15,15,-15,15,-20,20
2026-06-11 15:35:42.42,-25,25,-20,20,-10,10,-15,15,-10,10,-15,15,-12,12,-8,8,-15,15,-15,15,-20,20
2026-06-11 15:41:50.50,-25,25,-25,25,-15,15,-20,20,-15,15,-18,18,-12,12,-8,8,-15,15,-15,15,-20,20
2026-06-11 15:42:13.13,-25,25,-25,25,-15,15,-20,20,-15,15,-18,18,-12,12,-8,8,-15,15,-15,15,-20,20
2026-06-11 15:42:16.16,-25,25,-25,25,-15,15,-20,20,-15,15,-18,18,-12,12,-8,8,-15,15,-15,15,-20,20
2026-06-11 15:46:40.40,-30,30,-10,10,-5,5,-10,10,-15,15,-20,20,-10,10,-8,8,-25,25,-40,40,-20,20
2026-06-11 15:47:34.34,-2,2,-10,10,-5,5,-10,10,-5,5,-12,12,-10,10,-8,8,-10,10,-40,40,-20,20
2026-06-11 15:47:55.55,-2,2,-10,10,-5,5,-10,10,-5,5,-12,12,-10,10,-8,8,-10,10,-40,40,-20,20
2026-06-11 16:10:44.44,-15,15,-15,15,-5,5,-8,8,-15,15,-12,12,-12,12,-5,5,-15,15,-8,8,-20,20
2026-06-11 20:50:47.47,-20,20,-15,15,-5,5,-5,5,-10,10,-12,12,-8,8,-2,2,-6,6,-5,5,-20,20
2026-06-11 21:11:00.00,-20,20,-15,15,-3,3,-5,5,-20,20,-8,8,-10,10,-2,2,-5,5,-5,5,-20,20
2026-06-11 21:11:35.35,-20,20,-15,15,-5,5,-5,5,-10,10,-10,10,-8,8,-2,2,-5,5,-5,5,-20,20
2026-06-11 21:22:08.08,-20,20,-25,25,-15,15,-20,20,-20,20,-8,8,-12,12,-8,8,-5,5,-15,15,-20,20
2026-06-12 00:25:07.07,-25,25,-30,30,-20,20,-25,25,-15,15,-12,12,-20,20,-8,8,-8,8,-25,25,-20,20
2026-06-12 12:31:15.15,-30,30,-15,15,-3,3,-5,5,-15,15,-20,20,-10,10,-2,2,-5,5,-5,5,-20,20
2026-06-12 12:31:55.55,-20,20,-30,30,-20,20,-25,25,-10,10,-10,10,-20,20,-8,8,-5,5,-5,5,-20,20
2026-06-12 14:27:56.56,-30,30,-25,25,-15,15,-20,20,-15,15,-20,20,-8,8,-8,8,-5,5,-8,8,-20,20
2026-06-12 14:36:32.32,-25,25,-20,20,-10,10,-15,15,-15,15,-12,12,-12,12,-8,8,-8,8,-15,15,-20,20
2026-06-12 14:49:06.06,-25,25,-30,30,-20,20,-25,25,-10,10,-15,15,-20,20,-8,8,-15,15,-5,5,-20,20
2026-06-12 16:34:09.09,-30,30,-15,15,-5,5,-5,5,-15,15,-20,20,-8,8,-2,2,-5,5,-5,5,-20,20
2026-06-12 16:55:05.05,-20,20,-20,20,-10,10,-15,15,-20,20,-8,8,-12,12,-8,8,-5,5,-15,15,-20,20
2026-06-12 19:19:56.56,-25,25,-25,25,-15,15,-20,20,-10,10,-15,15,-8,8,-8,8,-15,15,-8,8,-20,20
2026-06-12 19:50:09.09,-25,25,-10,10,-8,8,-10,10,-15,15,-12,12,-10,10,-15,15,-8,8,-15,15,-20,20
2026-06-12 21:41:40.40,-15,15,-15,15,-8,8,-15,15,-15,15,-12,12,-12,12,-8,8,-20,20,-15,15,-20,20
2026-06-12 22:03:10.10,-20,20,-10,10,-8,8,-10,10,-10,10,-15,15,-10,10,-15,15,-15,15,-15,15,-20,20
2026-06-12 22:08:34.34,-15,15,-15,15,-8,8,-15,15,-15,15,-12,12,-12,12,-8,8,-20,20,-15,15,-20,20
2026-06-13 00:19:12.12,-20,20,-20,20,-10,10,-15,15,-10,10,-15,15,-12,12,-8,8,-15,15,-15,15,-20,20
2026-06-13 01:19:40.40,-25,25,-10,10,-8,8,-10,10,-10,10,-15,15,-10,10,-15,15,-15,15,-15,15,-20,20
2026-06-13 01:54:37.37,-15,15,-25,25,-15,15,-20,20,-15,15,-12,12,-8,8,-8,8,-20,20,-8,8,-20,20
2026-06-13 02:25:23.23,-25,25,-10,10,-8,8,-10,10,-15,15,-12,12,-10,10,-15,15,-8,8,-15,15,-20,20
2026-06-14 02:25:32.32,-15,15,-10,10,-8,8,-10,10,-15,15,-12,12,-10,10,-15,15,-20,20,-15,15,-20,20
2026-06-14 08:45:33.33,-15,15,-15,15,-5,5,-10,10,-15,15,-12,12,-12,12,-5,5,-20,20,-6,6,-20,20
2026-06-14 11:41:28.28,-20,20,-20,20,-10,10,-15,15,-10,10,-12,12,-12,12,-8,8,-6,6,-15,15,-20,20
2026-06-14 16:23:22.22,-25,25,-15,15,-8,8,-15,15,-10,10,-15,15,-12,12,-8,8,-5,5,-15,15,-20,20
2026-06-14 21:08:27.27,-20,20,-25,25,-15,15,-20,20,-10,10,-15,15,-8,8,-8,8,-15,15,-8,8,-20,20
2026-06-15 01:30:42.42,-25,25,-30,30,-20,20,-25,25,-12,12,-10,10,-20,20,-8,8,-8,8,-5,5,-20,20
2026-06-15 05:35:29.29,-30,30,-25,25,-15,15,-20,20,-15,15,-20,20,-8,8,-8,8,-5,5,-8,8,-20,20
2026-06-15 15:35:31.31,-25,25,-15,15,-8,8,-15,15,-15,15,-12,12,-12,12,-8,8,-8,8,-15,15,-20,20
2026-06-15 16:42:44.44,-20,20,-25,25,-15,15,-20,20,-10,10,-15,15,-8,8,-8,8,-15,15,-8,8,-20,20
2026-06-15 20:03:14.14,-25,25,-15,15,-5,5,-10,10,-15,15,-12,12,-12,12,-5,5,-8,8,-6,6,-20,20
2026-06-16 05:49:15.15,-20,20,-25,25,-15,15,-20,20,-10,10,-12,12,-8,8,-8,8,-6,6,-8,8,-20,20
2026-06-16 07:43:46.46,-25,25,-15,15,-3,3,-5,5,-15,15,-12,12,-8,8,-2,2,-8,8,-5,5,-20,20
2026-06-16 08:01:01.01,-20,20,-15,15,-5,5,-5,5,-10,10,-8,8,-8,8,-2,2,-5,5,-5,5,-20,20
2026-06-16 09:39:07.07,-20,20,-15,15,-5,5,-5,5,-20,20,-6,6,-8,8,-2,2,-5,5,-5,5,-20,20
2026-06-16 10:58:48.48,-20,20,-20,20,-5,5,-5,5,-10,10,-6,6,-8,8,-2,2,-5,5,-5,5,-20,20
2026-06-16 11:07:18.18,-25,25,-25,25,-3,3,-10,10,-10,10,-8,8,-8,8,-2,2,-5,5,-8,8,-20,20
2026-06-16 11:25:03.03,-25,25,-15,15,-5,5,-5,5,-20,20,-8,8,-8,8,-2,2,-8,8,-5,5,-20,20
2026-06-16 11:27:09.09,-20,20,-25,25,-3,3,-10,10,-20,20,-8,8,-8,8,-2,2,-5,5,-8,8,-20,20
2026-06-16 11:33:53.53,-25,25,-15,15,-5,5,-5,5,-15,15,-12,12,-8,8,-2,2,-15,15,-5,5,-20,20
2026-06-16 11:38:51.51,-20,20,-25,25,-3,3,-10,10,-20,20,-8,8,-8,8,-2,2,-5,5,-8,8,-20,20
2026-06-16 11:44:10.10,-25,25,-10,10,-3,3,-15,15,-20,20,-20,20,-10,10,-3,3,-20,20,-8,8,-20,20
2026-06-16 12:42:49.49,-20,20,-10,10,-3,3,-15,15,-20,20,-10,10,-10,10,-3,3,-8,8,-8,8,-20,20
2026-06-16 15:27:17.17,-20,20,-10,10,-10,10,-15,15,-20,20,-10,10,-10,10,-10,10,-8,8,-8,8,-20,20
2026-06-16 17:33:45.45,-20,20,-10,10,-3,3,-15,15,-10,10,-8,8,-10,10,-3,3,-5,5,-8,8,-20,20
2026-06-16 19:52:22.22,-20,20,-10,10,-5,5,-10,10,-20,20,-10,10,-8,8,-2,2,-8,8,-5,5,-20,20
2026-06-16 20:34:10.10,-20,20,-10,10,-5,5,-10,10,-10,10,-10,10,-10,10,-2,2,-5,5,-8,8,-20,20
2026-06-16 21:04:42.42,-20,20,-10,10,-3,3,-15,15,-10,10,-10,10,-10,10,-3,3,-8,8,-8,8,-20,20
2026-06-16 21:48:53.53,-20,20,-10,10,-5,5,-10,10,-20,20,-10,10,-10,10,-2,2,-8,8,-8,8,-20,20
2026-06-16 22:12:44.44,-20,20,-10,10,-5,5,-10,10,-10,10,-10,10,-8,8,-2,2,-8,8,-5,5,-20,20
2026-06-16 23:04:05.05,-20,20,-10,10,-5,5,-10,10,-10,10,-10,10,-10,10,-2,2,-5,5,-8,8,-20,20
2026-06-16 23:46:47.47,-20,20,-15,15,-5,5,-10,10,-10,10,-10,10,-8,8,-2,2,-8,8,-5,5,-20,20
2026-06-17 02:09:06.06,-20,20,-10,10,-5,5,-10,10,-10,10,-8,8,-8,8,-3,3,-5,5,-5,5,-20,20
2026-06-17 02:55:08.08,-20,20,-15,15,-3,3,-5,5,-10,10,-8,8,-8,8,-2,2,-5,5,-5,5,-20,20
2026-06-17 02:56:22.22,-20,20,-15,15,-5,5,-10,10,-10,10,-8,8,-8,8,-2,2,-5,5,-8,8,-20,20
2026-06-17 03:45:05.05,-20,20,-10,10,-5,5,-10,10,-10,10,-5,5,-10,10,-2,2,-8,8,-8,8,-20,20
2026-06-17 05:47:47.47,-20,20,-10,10,-3,3,-15,15,-10,10,-10,10,-10,10,-3,3,-8,8,-8,8,-20,20
