numero_run,collimatore131x,collimatore131y,collimatore386x,collimatore386y
20275,-10,10,-6,6
20276,-20,20,-15,15
20277,-20,20,-15,15
20278,-20,20,-15,15
20279,-3,3,-3,3
20280,-3,3,-3,3
20281,-3,3,-3,3
20282,-3,3,-3,3
20283,-3,3,-3,3
20284,-3,3,-3,3
20285,-3,3,-3,3
20286,-3,3,-3,3
20287,-3,3,-3,3
20288,-3,3,-3,3
20290,-3,3,-3,3
20291,-3,3,-3,3
20292,-3,3,-3,3
20293,-3,3,-3,3
20294,-3,3,-3,3
20295,-3,3,-3,3
20296,-3,3,-3,3
20297,-3,3,-3,3
20298,-3,3,-3,3
20299,-3,3,-3,3
20300,-3,3,-3,3
20301,-3,3,-3,3
20302,-3,3,-3,3
20303,-3,3,-3,3
20304,-3,3,-3,3
20306,-3,3,-3,3
20307,-3,3,-3,3
20309,-3,3,-3,3
20310,-3,3,-3,3
20311,-3,3,-3,3
20312,-3,3,-3,3
20313,-3,3,-3,3
20314,-3,3,-3,3
20315,-3,3,-3,3
20316,-3,3,-3,3
20317,-3,3,-3,3
20318,-3,3,-3,3
20319,-3,3,-3,3
20322,-3,3,-3,3
20323,-3,3,-3,3
20324,-3,3,-3,3
20325,-3,3,-3,3
20326,-3,3,-3,3
20327,-3,3,-3,3
20328,-20,20,-15,15
20329,-20,20,-15,15
20330,-20,20,-15,15
20331,-20,20,-15,15
20332,-3,3,-3,3
20333,-3,3,-3,3
20334,-3,3,-3,3
20335,-3,3,-3,3
20336,-3,3,-3,3
20337,-3,3,-3,3
20338,-3,3,-3,3
20339,-3,3,-3,3
20340,-3,3,-3,3
20341,-10,10,-6,6
20342,-10,10,-6,6
20343,-10,10,-6,6
20344,-10,10,-6,6
20345,-10,10,-6,6
20346,-10,10,-6,6
20347,-10,10,-6,6
20348,-10,10,-6,6
20349,-10,10,-6,6
20350,-3,3,-3,3
20351,-3,3,-3,3
20352,-3,3,-3,3
20353,-3,3,-3,3
20354,-3,3,-3,3
20355,-3,3,-3,3
20356,-3,3,-3,3
20358,-3,3,-3,3
20359,-3,3,-3,3
20360,-3,3,-3,3
20361,-3,3,-3,3
20363,-3,3,-3,3
20364,-20,20,-15,15
20367,-20,20,-15,15
20368,-20,20,-15,15
20369,-20,20,-15,15
20370,-20,20,-15,15
20371,-3,3,-3,3
20372,-3,3,-3,3
20378,-3,3,-3,3
20379,-3,3,-3,3
20380,-3,3,-3,3
20381,-3,3,-3,3
20382,-3,3,-3,3
20383,-3,3,-3,3
20384,-3,3,-3,3
20385,-3,3,-3,3
20386,-3,3,-3,3
20387,-3,3,-3,3
20388,-3,3,-3,3
20389,-3,3,-3,3
20391,-3,3,-3,3
20392,-3,3,-3,3
20393,-3,3,-3,3
20394,-3,3,-2,2
20395,-3,3,-2,2
20396,-3,3,-2,2
20397,-3,3,-2,2
20398,-3,3,-2,2
20399,-3,3,-2,2
20400,-3,3,-2,2
20401,-3,3,-2,2
20402,-3,3,-2,2
20403,-3,3,-2,2
20404,-3,3,-2,2
20405,-3,3,-3,3
20406,-3,3,-3,3
20407,-3,3,-3,3
20408,-3,3,-3,3
20409,-3,3,-3,3
20410,-3,3,-3,3
20411,-3,3,-3,3
20412,-3,3,-3,3
20413,-3,3,-3,3
20414,-3,3,-3,3
20415,-3,3,-3,3
20416,-3,3,-3,3
20417,-3,3,-3,3
20418,-3,3,-3,3
20419,-3,3,-3,3
20420,-3,3,-3,3
20421,-3,3,-3,3
20423,-3,3,-3,3
20424,-3,3,-3,3
20425,-3,3,-3,3
20426,-3,3,-3,3
20427,-3,3,-3,3
20428,-3,3,-3,3
20429,-3,3,-2,2
20430,-3,3,-3,3
20431,-3,3,-3,3
20432,-3,3,-2,2
20433,-3,3,-2,2
20434,-3,3,-2,2
20435,-3,3,-2,2
20436,-3,3,-2,2
20437,-3,3,-2,2
20438,-3,3,-2,2
20439,-3,3,-2,2
20440,-3,3,-2,2
20441,-3,3,-2,2
20442,-3,3,-2,2
20443,-3,3,-2,2
20444,-3,3,-2,2
20445,-3,3,-2,2
20446,-3,3,-2,2
20447,-3,3,-2,2
20448,-3,3,-2,2
20449,-3,3,-2,2
20450,-3,3,-2,2
20451,-3,3,-2,2
20452,-3,3,-2,2
20453,-3,3,-2,2
20454,-3,3,-2,2
20455,-3,3,-2,2
20457,-3,3,-2,2
20459,-3,3,-2,2
20460,-3,3,-2,2
20461,-3,3,-2,2
20462,-3,3,-2,2
20463,-3,3,-2,2
20465,-3,3,-2,2
20466,-3,3,-2,2
20467,-3,3,-2,2
20468,-3,3,-2,2
20469,-3,3,-2,2
20470,-3,3,-2,2
20471,-3,3,-2,2
20472,-3,3,-2,2
20473,-3,3,-2,2
20474,-3,3,-2,2
20475,-3,3,-2,2
20476,-3,3,-2,2
20477,-3,3,-2,2
20478,-3,3,-2,2
20479,-3,3,-2,2
20481,-3,3,-2,2
20482,-3,3,-2,2
20483,-3,3,-2,2
20484,-3,3,-2,2
20485,-3,3,-2,2
20486,-3,3,-2,2
20488,-3,3,-2,2
20490,-3,3,-2,2
20491,-3,3,-2,2
20492,-3,3,-2,2
20494,-3,3,-2,2
20495,-3,3,-2,2
20496,-3,3,-2,2
20497,-3,3,-2,2
20498,-3,3,-2,2
20499,-3,3,-2,2
20500,-3,3,-2,2
20501,-3,3,-2,2
20502,-3,3,-2,2
20503,-3,3,-2,2
20504,-5,5,-2,2
20505,-3,3,-2,2
20506,-5,5,-2,2
20507,-5,5,-2,2
20508,-5,5,-2,2
20509,-3,3,-2,2
20510,-3,3,-2,2
20511,-3,3,-2,2
20512,-3,3,-2,2
20513,-3,3,-2,2
20514,-3,3,-2,2
20515,-3,3,-2,2
20516,-3,3,-2,2
20517,-3,3,-2,2
20518,-3,3,-2,2
20519,-5,5,-2,2
20520,-5,5,-2,2
20521,-5,5,-2,2
20522,-5,5,-2,2
20523,-5,5,-2,2
20524,-5,5,-2,2
20525,-5,5,-2,2
20526,-5,5,-2,2
20527,-5,5,-2,2
20528,-5,5,-2,2
20529,-5,5,-2,2
20530,-5,5,-2,2
20531,-3,3,-3,3
20532,-3,3,-3,3
20533,-3,3,-3,3
20534,-3,3,-3,3
20535,-3,3,-3,3
20536,-3,3,-3,3
20537,-3,3,-3,3
20538,-3,3,-3,3
20539,-3,3,-3,3
20540,-5,5,-2,2
20541,-5,5,-2,2
20543,-5,5,-2,2
20544,-5,5,-2,2
20545,-5,5,-2,2
20546,-5,5,-2,2
20547,-5,5,-2,2
20548,-5,5,-2,2
20549,-5,5,-2,2
20550,-5,5,-2,2
20551,-5,5,-2,2
20552,-5,5,-2,2
20553,-5,5,-2,2
20554,-3,3,-2,2
20556,-3,3,-2,2
20557,-3,3,-2,2
20558,-3,3,-2,2
20559,-3,3,-2,2
20560,-3,3,-2,2
20561,-3,3,-2,2
20562,-3,3,-2,2
20563,-3,3,-2,2
20564,-3,3,-2,2
20565,-3,3,-2,2
20566,-3,3,-2,2
20567,-3,3,-2,2
20568,-3,3,-2,2
20569,-3,3,-2,2
20570,-3,3,-2,2
20573,-5,5,-2,2
20574,-20,20,-15,15
20575,-3,3,-2,2
20576,-3,3,-2,2
20577,-3,3,-2,2
20578,-3,3,-2,2
20579,-5,5,-3,3
20580,-5,5,-3,3
20581,-5,5,-3,3
20582,-5,5,-3,3
20583,-5,5,-3,3
20584,-5,5,-3,3
20585,-3,3,-2,2
20586,-3,3,-2,2
20587,-3,3,-2,2
20588,-3,3,-2,2
20597,-3,3,-2,2
20598,-3,3,-2,2
20591,-3,3,-2,2
20592,-3,3,-2,2
20593,-3,3,-2,2
20590,-3,3,-2,2
20589,-3,3,-2,2
20599,-5,5,-2,2
20601,-5,5,-3,3
20602,-5,5,-3,3
20603,-5,5,-3,3
20604,-5,5,-3,3
20605,-5,5,-3,3
20606,-5,5,-2,2
20608,-5,5,-2,2
20609,-5,5,-2,2
20610,-5,5,-2,2
20611,-5,5,-2,2
20612,-5,5,-2,2
20613,-5,5,-2,2
20614,-3,3,-2,2
20615,-3,3,-2,2
20616,-3,3,-2,2
20617,-3,3,-2,2
20618,-3,3,-2,2
20619,-3,3,-2,2
20620,-3,3,-2,2
20621,-3,3,-2,2
20622,-3,3,-2,2
20623,-3,3,-2,2
20624,-3,3,-2,2
20625,-3,3,-2,2
20626,-3,3,-2,2
20627,-3,3,-3,3
20628,-3,3,-3,3
20630,-3,3,-3,3
20631,-3,3,-3,3
20632,-3,3,-3,3
20633,-10,10,-10,10
20634,-5,5,-2,2
20635,-3,3,-3,3
20636,-3,3,-3,3
20637,-3,3,-3,3
20638,-3,3,-3,3
20639,-3,3,-3,3
20640,-3,3,-2,2
20641,-3,3,-2,2
20642,-3,3,-2,2
20643,-3,3,-2,2
20644,-3,3,-2,2
20645,-3,3,-2,2
20646,-3,3,-2,2
20647,-3,3,-2,2
20648,-3,3,-2,2
20649,-3,3,-2,2
20650,-3,3,-3,3
20651,-3,3,-3,3
20652,-3,3,-3,3
20653,-3,3,-3,3
20654,-3,3,-3,3
20655,-3,3,-3,3
20656,-3,3,-3,3
20657,-3,3,-3,3
20658,-3,3,-3,3
20659,-3,3,-3,3
20660,-3,3,-2,2
20661,-3,3,-2,2
20662,-3,3,-2,2
20663,-3,3,-2,2
20665,-3,3,-2,2
20666,-3,3,-2,2
20667,-3,3,-2,2
20668,-3,3,-2,2
20669,-3,3,-2,2
20670,-5,5,-2,2
20673,-5,5,-2,2
20674,-3,3,-2,2
20675,-3,3,-2,2
20676,-3,3,-2,2
20677,-3,3,-2,2
20678,-3,3,-2,2
20679,-3,3,-2,2
20680,-3,3,-2,2
20681,-3,3,-2,2
20682,-3,3,-2,2
20683,-3,3,-2,2
20684,-3,3,-2,2
20686,-3,3,-2,2
20687,-3,3,-2,2
20688,-3,3,-2,2
20689,-3,3,-2,2
20690,-3,3,-2,2
20691,-3,3,-2,2
20692,-3,3,-2,2
20693,-3,3,-2,2
20694,-3,3,-2,2
20695,-3,3,-2,2
20696,-3,3,-2,2
20697,-3,3,-2,2
20699,-3,3,-2,2
20700,-3,3,-2,2
20701,-3,3,-2,2
20702,-3,3,-2,2
20703,-3,3,-2,2
20705,-3,3,-2,2
20706,-3,3,-2,2
20707,-3,3,-2,2
20708,-3,3,-2,2
20709,-3,3,-2,2
20710,-3,3,-2,2
20711,-3,3,-2,2
20712,-3,3,-2,2
20713,-3,3,-2,2
20714,-3,3,-2,2
20715,-3,3,-2,2
20716,-3,3,-2,2
20717,-3,3,-2,2
20718,-3,3,-2,2
20719,-3,3,-2,2
20720,-3,3,-2,2
20721,-3,3,-2,2
20722,-3,3,-2,2
20723,-3,3,-2,2
20724,-3,3,-2,2
20725,-3,3,-2,2
20726,-3,3,-2,2
20727,-3,3,-2,2
20728,-3,3,-2,2
20729,-3,3,-2,2
20730,-3,3,-2,2
20731,-3,3,-2,2
20732,-3,3,-2,2
20733,-3,3,-2,2
20734,-3,3,-2,2
20735,-3,3,-2,2
20738,-5,5,-5,5
20741,-5,5,-5,5
20742,-5,5,-5,5
20744,-5,5,-5,5
20745,-5,5,-5,5
20746,-5,5,-5,5
20747,-5,5,-5,5
20748,-5,5,-5,5
20750,-5,5,-5,5
20751,-5,5,-5,5
20752,-5,5,-5,5
20753,-5,5,-5,5
20754,-5,5,-2,2
20756,-5,5,-2,2
20757,-15,15,-8,8
20758,-15,15,-8,8
20760,-15,15,-8,8
20761,-15,15,-8,8
20762,-15,15,-8,8
20763,-15,15,-8,8
20764,-15,15,-8,8
20765,-15,15,-8,8
20766,-15,15,-8,8
20767,-15,15,-8,8
20768,-15,15,-8,8
20769,-15,15,-8,8
20770,-15,15,-8,8
20771,-15,15,-8,8
20772,-15,15,-8,8
20773,-20,20,-8,8
20774,-20,20,-8,8
20775,-20,20,-8,8
20776,-20,20,-8,8
20777,-20,20,-8,8
20778,-20,20,-8,8
20779,-20,20,-8,8
20780,-20,20,-8,8
20781,-20,20,-8,8
20782,-20,20,-8,8
20783,-20,20,-8,8
20784,-20,20,-8,8
20786,-20,20,-8,8
20787,-20,20,-8,8
20788,-20,20,-8,8
20789,-20,20,-8,8
20790,-20,20,-8,8
20791,-20,20,-8,8
20797,-10,10,-8,8
20798,-20,20,-8,8
20799,-20,20,-8,8
20800,-20,20,-8,8
20801,-20,20,-8,8
20804,-5,5,-2,2
20805,-10,10,-8,8
20806,-10,10,-8,8
20807,-10,10,-8,8
20808,-10,10,-8,8
20810,-15,15,-8,8
20811,-15,15,-8,8
20812,-15,15,-8,8
20813,-15,15,-8,8
20814,-15,15,-8,8
20815,-8,8,-15,15
20816,-8,8,-15,15
20818,-8,8,-15,15
20819,-8,8,-15,15
20820,-8,8,-15,15
20821,-8,8,-15,15
20822,-8,8,-15,15
20824,-8,8,-15,15
20825,-8,8,-15,15
20826,-8,8,-15,15
20827,-8,8,-15,15
20828,-8,8,-8,8
20829,-8,8,-8,8
20830,-8,8,-15,15
20831,-8,8,-15,15
20833,-8,8,-8,8
20834,-8,8,-8,8
20835,-8,8,-8,8
20836,-8,8,-8,8
20837,-8,8,-8,8
20838,-8,8,-8,8
20839,-8,8,-8,8
20840,-8,8,-8,8
20841,-8,8,-8,8
20842,-8,8,-8,8
20843,-8,8,-8,8
20844,-10,10,-8,8
20845,-10,10,-8,8
20846,-10,10,-8,8
20847,-10,10,-8,8
20848,-10,10,-8,8
20849,-10,10,-8,8
20850,-8,8,-15,15
20851,-8,8,-15,15
20852,-8,8,-15,15
20853,-8,8,-15,15
20854,-15,15,-8,8
20856,-15,15,-8,8
20857,-15,15,-8,8
20858,-15,15,-8,8
20859,-15,15,-8,8
20860,-15,15,-8,8
20861,-15,15,-8,8
20862,-8,8,-15,15
20863,-8,8,-15,15
20864,-8,8,-15,15
20865,-8,8,-15,15
20867,-8,8,-15,15
20868,-8,8,-15,15
20869,-8,8,-15,15
20870,-8,8,-15,15
20871,-8,8,-15,15
20872,-8,8,-15,15
20873,-8,8,-15,15
20874,-8,8,-15,15
20875,-8,8,-15,15
20876,-8,8,-15,15
20877,-8,8,-15,15
20880,-8,8,-15,15
20881,-8,8,-15,15
20882,-8,8,-15,15
20883,-8,8,-15,15
20884,-8,8,-15,15
20885,-8,8,-15,15
20886,-8,8,-15,15
20887,-8,8,-15,15
20889,-8,8,-15,15
20890,-8,8,-15,15
20891,-8,8,-15,15
20892,-5,5,-5,5
20893,-5,5,-5,5
20894,-5,5,-5,5
20895,-5,5,-5,5
20896,-5,5,-5,5
20897,-5,5,-5,5
20898,-5,5,-5,5
20899,-5,5,-5,5
20900,-10,10,-8,8
20901,-10,10,-8,8
20902,-10,10,-8,8
20903,-10,10,-8,8
20904,-10,10,-8,8
20905,-10,10,-8,8
20906,-10,10,-8,8
20907,-10,10,-8,8
20908,-10,10,-8,8
20909,-10,10,-8,8
20911,-10,10,-8,8
20912,-10,10,-8,8
20913,-10,10,-8,8
20914,-10,10,-8,8
20915,-10,10,-8,8
20916,-10,10,-8,8
20917,-10,10,-8,8
20918,-10,10,-8,8
20919,-10,10,-8,8
20920,-10,10,-8,8
20921,-8,8,-8,8
20922,-8,8,-8,8
20923,-8,8,-8,8
20924,-8,8,-8,8
20925,-15,15,-8,8
20926,-15,15,-8,8
20927,-15,15,-8,8
20928,-15,15,-8,8
20929,-15,15,-8,8
20930,-15,15,-8,8
20931,-15,15,-8,8
20932,-15,15,-8,8
20933,-15,15,-8,8
20934,-15,15,-8,8
20935,-15,15,-8,8
20936,-15,15,-8,8
20937,-20,20,-8,8
20938,-20,20,-8,8
20940,-20,20,-8,8
20941,-20,20,-8,8
20942,-20,20,-8,8
20943,-20,20,-8,8
20944,-20,20,-8,8
20945,-20,20,-8,8
20946,-20,20,-8,8
20947,-20,20,-8,8
20948,-20,20,-8,8
20949,-20,20,-8,8
20950,-20,20,-8,8
20951,-20,20,-8,8
20952,-20,20,-8,8
20953,-20,20,-8,8
20954,-20,20,-8,8
20955,-20,20,-8,8
20956,-15,15,-8,8
20957,-15,15,-8,8
20958,-15,15,-8,8
20959,-15,15,-8,8
20960,-15,15,-8,8
20961,-15,15,-8,8
20963,-15,15,-8,8
20964,-15,15,-8,8
20965,-15,15,-8,8
20966,-15,15,-8,8
20967,-15,15,-8,8
20968,-15,15,-8,8
20969,-15,15,-8,8
20970,-15,15,-8,8
20971,-15,15,-8,8
20972,-15,15,-8,8
20973,-8,8,-8,8
20974,-8,8,-8,8
20975,-8,8,-8,8
20976,-8,8,-8,8
20977,-8,8,-8,8
20978,-15,15,-8,8
20979,-15,15,-8,8
20980,-15,15,-8,8
20981,-15,15,-8,8
20982,-15,15,-8,8
20983,-15,15,-8,8
20984,-15,15,-8,8
20985,-15,15,-8,8
20986,-15,15,-8,8
20987,-15,15,-8,8
20988,-15,15,-8,8
20989,-15,15,-8,8
20990,-15,15,-8,8
20991,-5,5,-5,5
20993,-5,5,-5,5
20994,-5,5,-5,5
20995,-5,5,-5,5
20996,-5,5,-5,5
20997,-5,5,-5,5
20999,-5,5,-5,5
21000,-5,5,-5,5
21001,-5,5,-5,5
21002,-5,5,-5,5
21003,-5,5,-5,5
21004,-5,5,-5,5
21005,-5,5,-5,5
21006,-5,5,-5,5
21007,-5,5,-5,5
21008,-5,5,-5,5
21009,-5,5,-5,5
21010,-5,5,-5,5
21011,-5,5,-5,5
21012,-5,5,-5,5
21013,-5,5,-5,5
21014,-5,5,-5,5
21016,-5,5,-5,5
21017,-5,5,-5,5
21018,-5,5,-5,5
21019,-5,5,-5,5
21020,-5,5,-5,5
21021,-5,5,-5,5
21022,-15,15,-8,8
21023,-15,15,-8,8
21024,-15,15,-8,8
21025,-15,15,-8,8
21026,-5,5,-2,2
21027,-5,5,-2,2
21028,-5,5,-2,2
21029,-5,5,-2,2
21030,-5,5,-2,2
21031,-5,5,-2,2
21032,-5,5,-2,2
21033,-5,5,-2,2
21034,-5,5,-2,2
21035,-5,5,-2,2
21036,-5,5,-2,2
21037,-5,5,-2,2
21038,-5,5,-2,2
21039,-5,5,-2,2
21040,-5,5,-2,2
21041,-5,5,-2,2
21042,-5,5,-2,2
21043,-5,5,-2,2
21044,-5,5,-2,2
21045,-5,5,-2,2
21046,-5,5,-2,2
21047,-5,5,-2,2
21048,-5,5,-2,2
21049,-5,5,-2,2
21051,-3,3,-2,2
21052,-3,3,-2,2
21053,-5,5,-2,2
21054,-3,3,-3,3
21055,-3,3,-3,3
21056,-3,3,-3,3
21057,-3,3,-3,3
21058,-3,3,-3,3
21059,-3,3,-3,3
21060,-3,3,-3,3
21061,-3,3,-3,3
21062,-3,3,-3,3
21063,-3,3,-3,3
21064,-3,3,-3,3
21065,-3,3,-3,3
21066,-3,3,-3,3
21067,-3,3,-3,3
21071,-3,3,-3,3
21073,-3,3,-3,3
21074,-3,3,-3,3
21075,-3,3,-3,3
21076,-3,3,-3,3
21077,-3,3,-3,3
21078,-3,3,-3,3
21079,-3,3,-3,3
21080,-3,3,-3,3
21081,-3,3,-3,3
21082,-3,3,-3,3
21083,-10,10,-10,10
21084,-10,10,-10,10
21085,-10,10,-10,10
21086,-10,10,-10,10
21087,-10,10,-10,10
21088,-10,10,-10,10
21089,-10,10,-10,10
21090,-10,10,-10,10
21091,-10,10,-10,10
21092,-10,10,-10,10
21093,-10,10,-10,10
21094,-10,10,-10,10
21095,-10,10,-10,10
21096,-10,10,-10,10
21097,-10,10,-10,10
21098,-10,10,-10,10
21099,-10,10,-10,10
21100,-3,3,-3,3
21101,-3,3,-3,3
21102,-3,3,-3,3
21103,-3,3,-3,3
21104,-3,3,-3,3
21105,-3,3,-3,3
21108,-3,3,-3,3
21109,-3,3,-3,3
21110,-3,3,-3,3
21111,-3,3,-3,3
21112,-5,5,-2,2
21113,-5,5,-2,2
21115,-5,5,-2,2
21116,-5,5,-2,2
21117,-5,5,-2,2
21118,-5,5,-2,2
21119,-5,5,-2,2
21120,-3,3,-3,3
21121,-3,3,-3,3
21122,-3,3,-3,3
21123,-3,3,-3,3
21124,-5,5,-2,2
21125,-5,5,-2,2
21126,-5,5,-2,2
21127,-5,5,-2,2
21128,-5,5,-2,2
21129,-5,5,-2,2
21130,-5,5,-2,2
21131,-5,5,-2,2
21132,-5,5,-2,2
21133,-5,5,-2,2
21134,-5,5,-2,2
21135,-5,5,-2,2
21136,-5,5,-2,2
21137,-5,5,-2,2
21138,-5,5,-2,2
21139,-5,5,-2,2
21140,-5,5,-2,2
21141,-5,5,-2,2
21142,-5,5,-2,2
21143,-5,5,-2,2
21144,-5,5,-2,2
21145,-5,5,-2,2
21146,-5,5,-2,2
21148,-5,5,-2,2
21149,-5,5,-2,2
21150,-5,5,-2,2
21151,-5,5,-2,2
21152,-5,5,-3,3
21153,-5,5,-3,3
21154,-5,5,-3,3
21155,-5,5,-3,3
21156,-5,5,-3,3
21157,-5,5,-3,3
21158,-5,5,-2,2
21159,-5,5,-2,2
21160,-5,5,-2,2
21161,-5,5,-2,2
21162,-5,5,-2,2
21163,-5,5,-2,2
21164,-5,5,-2,2
21165,-5,5,-2,2
21166,-5,5,-2,2
21167,-5,5,-2,2
21168,-5,5,-2,2
21169,-5,5,-2,2
21170,-5,5,-2,2
21171,-5,5,-2,2
21172,-5,5,-2,2
21173,-5,5,-2,2
21174,-5,5,-2,2
21175,-3,3,-3,3
21176,-3,3,-3,3
21177,-3,3,-3,3
21178,-3,3,-3,3
21179,-3,3,-3,3
21180,-3,3,-3,3
21183,-3,3,-3,3
21185,-3,3,-3,3
21189,-3,3,-3,3
21191,-3,3,-3,3
21192,-3,3,-3,3
21193,-3,3,-3,3
21199,-3,3,-3,3
21200,-3,3,-3,3
21201,-3,3,-3,3
21203,-3,3,-3,3
21204,-3,3,-3,3
21205,-3,3,-3,3
21206,-3,3,-3,3
21207,-3,3,-3,3
21208,-3,3,-3,3
21209,-3,3,-3,3
21210,-3,3,-3,3
21211,-3,3,-3,3
21212,-3,3,-3,3
21213,-3,3,-3,3
21214,-3,3,-3,3
21215,-3,3,-3,3
21216,-3,3,-3,3
21217,-3,3,-3,3
21218,-3,3,-3,3
21219,-3,3,-3,3
21221,-3,3,-3,3
21222,-3,3,-3,3
21223,-3,3,-3,3
21224,-3,3,-3,3
21225,-3,3,-3,3
21226,-3,3,-3,3
21227,-3,3,-3,3
21228,-3,3,-3,3
21229,-3,3,-3,3
21230,-3,3,-3,3
21231,-3,3,-3,3
21232,-3,3,-3,3
21233,-3,3,-3,3
21234,-3,3,-3,3
21235,-3,3,-3,3
